{"epoch": 2, "loss_train": 78.15788269042969, "_runtime": 100, "_timestamp": 1618914624, "_step": 5, "loss_test": 89.0166015625}