{"epoch": 399, "loss_train": 1.1329275369644165, "_runtime": 6538, "_timestamp": 1618664515, "_step": 799, "loss_test": 54.383148193359375}