{"epoch": 49, "loss_train": 5.903491020202637, "_runtime": 752, "_timestamp": 1618568304, "_step": 99, "loss_test": 39.886314392089844}