{"epoch": 25, "loss_train": 35.57211685180664, "_runtime": 367, "_timestamp": 1618497623, "_step": 51, "loss_test": 33.49302291870117}