{"epoch": 635, "loss_train": 2.99094820022583, "_runtime": 8646, "_timestamp": 1618505902, "_step": 1271, "loss_test": 32.65692901611328}