{"epoch": 999, "loss_train": 1.5562118291854858, "_runtime": 13739, "_timestamp": 1618510995, "_step": 1999, "loss_test": 34.20591354370117}