{"epoch": 399, "loss_train": 1.0338290929794312, "_runtime": 5794, "_timestamp": 1618597627, "_step": 799, "loss_test": 54.72770690917969}