{"epoch": 199, "loss_train": 3.3979897499084473, "_runtime": 4972, "_timestamp": 1618922769, "_step": 399, "loss_test": 46.717533111572266}