{"epoch": 8, "loss_train": 39.55415344238281, "_runtime": 137, "_timestamp": 1618496853, "_step": 17, "loss_test": 44.54075241088867}