{"epoch": 10, "loss_train": 45.20672607421875, "_runtime": 159, "_timestamp": 1618497122, "_step": 21, "loss_test": 41.696014404296875}