{"epoch": 10, "loss_train": 5.587340831756592, "_runtime": 165, "_timestamp": 1618495535, "_step": 21, "loss_test": 14.424620628356934}