{"epoch": 97, "loss_train": 2.669165849685669, "_runtime": 1307, "_timestamp": 1618496677, "_step": 195, "loss_test": 15.815959930419922}